key,value,data
War,4,1930
Animation,1,1930
Music,15,1930
Comedy,35,1930
History,2,1930
Western,1,1930
Adventure,2,1930
Fantasy,1,1930
Crime,9,1930
Documentary,3,1930
Drama,47,1930
Mystery,3,1930
Thriller,3,1930
Science Fiction,1,1930
Action,4,1930
Romance,28,1930
War,4,1931
Animation,4,1931
Music,6,1931
Comedy,29,1931
History,1,1931
Western,1,1931
Crime,18,1931
Adventure,6,1931
Science Fiction,2,1931
Mystery,5,1931
Drama,69,1931
Documentary,2,1931
Thriller,7,1931
Horror,5,1931
Action,11,1931
Romance,32,1931
Family,1,1931
War,5,1932
Animation,4,1932
Music,2,1932
Comedy,40,1932
History,4,1932
Western,5,1932
Crime,18,1932
Adventure,9,1932
Science Fiction,2,1932
Mystery,14,1932
Horror,14,1932
Drama,82,1932
Fantasy,4,1932
Family,1,1932
Action,9,1932
Romance,37,1932
Thriller,11,1932
War,4,1933
Animation,9,1933
Music,8,1933
Comedy,44,1933
History,3,1933
Western,8,1933
Adventure,8,1933
Fantasy,4,1933
Crime,16,1933
Documentary,2,1933
Drama,77,1933
Mystery,12,1933
Science Fiction,4,1933
Family,3,1933
Horror,11,1933
Action,17,1933
Romance,44,1933
Thriller,10,1933
War,5,1934
Animation,4,1934
Music,15,1934
Comedy,44,1934
History,5,1934
Western,12,1934
Crime,14,1934
Adventure,9,1934
Fantasy,4,1934
Mystery,10,1934
Drama,75,1934
Documentary,2,1934
Thriller,6,1934
Science Fiction,1,1934
Horror,3,1934
Action,14,1934
Romance,43,1934
Family,7,1934
War,2,1935
Animation,7,1935
Music,9,1935
Comedy,57,1935
History,7,1935
Western,10,1935
Adventure,14,1935
Fantasy,7,1935
Crime,16,1935
Documentary,1,1935
Drama,69,1935
Mystery,14,1935
Science Fiction,3,1935
Family,6,1935
Horror,9,1935
Action,15,1935
Romance,47,1935
Thriller,7,1935
War,5,1936
Animation,6,1936
Music,19,1936
Comedy,54,1936
History,10,1936
Western,10,1936
Adventure,8,1936
Fantasy,3,1936
Crime,19,1936
Documentary,1,1936
Drama,71,1936
Mystery,15,1936
Science Fiction,7,1936
Family,6,1936
Horror,7,1936
Action,8,1936
Romance,42,1936
Thriller,10,1936
War,8,1937
Crime,21,1937
Music,14,1937
Comedy,53,1937
History,10,1937
Western,4,1937
Animation,8,1937
Adventure,19,1937
Fantasy,6,1937
Mystery,14,1937
Drama,83,1937
Documentary,2,1937
Thriller,11,1937
Action,13,1937
Romance,53,1937
Family,9,1937
War,7,1938
Animation,4,1938
Music,11,1938
Comedy,51,1938
History,5,1938
Western,6,1938
Adventure,12,1938
Science Fiction,1,1938
Crime,15,1938
Documentary,2,1938
Drama,62,1938
Mystery,14,1938
Fantasy,2,1938
Family,5,1938
Horror,1,1938
Action,9,1938
Romance,41,1938
Thriller,9,1938
War,9,1939
Animation,2,1939
Music,7,1939
Comedy,39,1939
History,12,1939
Western,12,1939
Crime,20,1939
Adventure,19,1939
Science Fiction,3,1939
Mystery,21,1939
Drama,72,1939
Documentary,1,1939
Fantasy,4,1939
Family,5,1939
Horror,7,1939
Action,12,1939
Romance,39,1939
Thriller,20,1939
War,8,1940
Crime,17,1940
Music,10,1940
Comedy,53,1940
History,9,1940
Western,13,1940
Animation,3,1940
Adventure,11,1940
Fantasy,5,1940
Mystery,15,1940
Drama,81,1940
Documentary,1,1940
Science Fiction,6,1940
Family,8,1940
Horror,8,1940
Action,17,1940
Romance,43,1940
Thriller,17,1940
War,11,1941
Animation,6,1941
Music,11,1941
Comedy,69,1941
History,3,1941
Western,10,1941
Adventure,7,1941
Science Fiction,4,1941
Crime,14,1941
Drama,64,1941
Mystery,16,1941
Fantasy,8,1941
Family,4,1941
Horror,9,1941
Action,7,1941
Romance,54,1941
Thriller,17,1941
War,26,1942
Crime,19,1942
Music,10,1942
Comedy,47,1942
History,5,1942
Western,5,1942
Animation,8,1942
Adventure,10,1942
Science Fiction,2,1942
Mystery,19,1942
Drama,69,1942
Documentary,4,1942
Fantasy,8,1942
Family,6,1942
Horror,9,1942
Action,18,1942
Romance,43,1942
Thriller,18,1942
War,34,1943
Animation,4,1943
Music,17,1943
Comedy,37,1943
History,8,1943
Western,11,1943
Adventure,12,1943
Fantasy,7,1943
Crime,8,1943
Documentary,7,1943
Drama,64,1943
Mystery,13,1943
Thriller,20,1943
Science Fiction,3,1943
Horror,11,1943
Action,17,1943
Romance,41,1943
Family,4,1943
War,26,1944
Animation,6,1944
Music,17,1944
Comedy,38,1944
History,6,1944
Western,6,1944
Adventure,7,1944
Science Fiction,4,1944
Crime,12,1944
Documentary,5,1944
Drama,72,1944
Mystery,19,1944
Fantasy,8,1944
Family,5,1944
Horror,8,1944
Action,8,1944
Romance,27,1944
Thriller,24,1944
War,19,1945
Animation,4,1945
Music,11,1945
Comedy,38,1945
History,6,1945
Western,5,1945
Adventure,7,1945
Fantasy,6,1945
Crime,17,1945
Documentary,6,1945
Drama,71,1945
Mystery,22,1945
Science Fiction,1,1945
Family,3,1945
Horror,8,1945
Action,13,1945
Romance,35,1945
Thriller,24,1945
War,8,1946
Animation,3,1946
Music,10,1946
Comedy,19,1946
History,4,1946
Western,10,1946
Crime,30,1946
Adventure,3,1946
Fantasy,5,1946
Mystery,24,1946
Drama,80,1946
Documentary,1,1946
Thriller,27,1946
Horror,8,1946
Action,6,1946
Romance,30,1946
Family,6,1946
War,2,1947
Animation,4,1947
Music,11,1947
Comedy,36,1947
History,2,1947
Western,13,1947
Adventure,14,1947
Fantasy,5,1947
Crime,37,1947
Drama,85,1947
Mystery,18,1947
Thriller,36,1947
Action,7,1947
Romance,36,1947
Family,7,1947
War,6,1948
Crime,34,1948
Music,12,1948
Comedy,36,1948
History,4,1948
Western,15,1948
Mystery,13,1948
Adventure,9,1948
Fantasy,6,1948
Animation,3,1948
Drama,98,1948
Documentary,3,1948
Thriller,24,1948
Science Fiction,2,1948
Horror,3,1948
Action,20,1948
Romance,38,1948
Family,7,1948
War,8,1949
Crime,32,1949
Music,9,1949
Comedy,36,1949
History,3,1949
Western,7,1949
Adventure,9,1949
Science Fiction,2,1949
Animation,7,1949
Documentary,1,1949
Drama,97,1949
Mystery,11,1949
Fantasy,7,1949
Family,8,1949
Horror,4,1949
Action,11,1949
Romance,31,1949
Thriller,26,1949
War,8,1950
Animation,2,1950
Music,16,1950
Comedy,40,1950
History,4,1950
Western,22,1950
Mystery,8,1950
Adventure,12,1950
Science Fiction,4,1950
Crime,43,1950
Drama,93,1950
Documentary,1,1950
Fantasy,3,1950
Family,9,1950
Horror,1,1950
Action,16,1950
Romance,34,1950
Thriller,24,1950
War,16,1951
Animation,4,1951
Music,13,1951
Comedy,50,1951
History,4,1951
Western,18,1951
Adventure,16,1951
Fantasy,9,1951
Crime,31,1951
Documentary,2,1951
Drama,104,1951
Mystery,6,1951
Science Fiction,9,1951
Family,5,1951
Horror,4,1951
Action,24,1951
Romance,34,1951
Thriller,25,1951
War,8,1952
Animation,8,1952
Music,13,1952
Comedy,54,1952
History,6,1952
Western,25,1952
Adventure,23,1952
Fantasy,8,1952
Crime,21,1952
Documentary,2,1952
Drama,105,1952
Mystery,9,1952
Thriller,19,1952
Science Fiction,4,1952
Horror,3,1952
Action,25,1952
Romance,41,1952
Family,9,1952
War,12,1953
Crime,22,1953
Music,16,1953
Comedy,44,1953
History,8,1953
Western,20,1953
Mystery,6,1953
Adventure,21,1953
Fantasy,6,1953
Animation,4,1953
Drama,101,1953
Documentary,5,1953
Thriller,23,1953
Science Fiction,17,1953
Horror,8,1953
Action,22,1953
Romance,42,1953
Family,8,1953
War,11,1954
Animation,3,1954
Music,12,1954
Comedy,46,1954
History,8,1954
Western,22,1954
Adventure,27,1954
Fantasy,3,1954
Crime,28,1954
Documentary,1,1954
Drama,92,1954
Mystery,9,1954
Science Fiction,12,1954
Family,3,1954
Horror,9,1954
Action,24,1954
Romance,44,1954
Thriller,27,1954
War,13,1955
Animation,2,1955
Music,10,1955
Comedy,51,1955
History,9,1955
Western,23,1955
Crime,36,1955
Adventure,17,1955
Fantasy,5,1955
Mystery,10,1955
Drama,117,1955
Documentary,3,1955
Science Fiction,10,1955
Family,12,1955
Horror,12,1955
Action,27,1955
Romance,50,1955
Thriller,22,1955
War,18,1956
Animation,3,1956
Music,15,1956
Comedy,46,1956
History,10,1956
Western,30,1956
Crime,22,1956
Adventure,24,1956
Fantasy,8,1956
Mystery,8,1956
Drama,117,1956
Documentary,5,1956
Science Fiction,20,1956
Family,10,1956
Horror,15,1956
Action,31,1956
Romance,41,1956
Thriller,19,1956
War,20,1957
Animation,5,1957
Music,9,1957
Comedy,49,1957
History,9,1957
Western,24,1957
Thriller,20,1957
Adventure,21,1957
Fantasy,11,1957
Crime,19,1957
Documentary,5,1957
Drama,121,1957
Mystery,8,1957
Science Fiction,21,1957
Horror,24,1957
Action,21,1957
Romance,43,1957
Family,8,1957
War,21,1958
Mystery,6,1958
Music,8,1958
Comedy,38,1958
History,10,1958
Western,24,1958
Adventure,21,1958
Fantasy,8,1958
Crime,21,1958
Drama,99,1958
Documentary,5,1958
Science Fiction,33,1958
Family,4,1958
Horror,32,1958
Action,31,1958
Romance,37,1958
Thriller,21,1958
War,23,1959
Crime,23,1959
Music,7,1959
Comedy,45,1959
History,8,1959
Western,17,1959
Adventure,21,1959
Fantasy,11,1959
Animation,5,1959
Foreign,2,1959
Drama,116,1959
Mystery,14,1959
Science Fiction,24,1959
Documentary,6,1959
Family,10,1959
Horror,26,1959
Action,27,1959
Romance,33,1959
Thriller,29,1959
War,13,1960
Animation,1,1960
Music,10,1960
Comedy,47,1960
History,14,1960
Western,11,1960
Crime,29,1960
Adventure,21,1960
Fantasy,13,1960
Mystery,9,1960
Foreign,2,1960
Drama,117,1960
Documentary,3,1960
Science Fiction,15,1960
Family,10,1960
Horror,20,1960
Action,24,1960
Romance,43,1960
Thriller,27,1960
War,12,1961
Crime,18,1961
Music,5,1961
Comedy,51,1961
History,9,1961
Western,7,1961
Mystery,12,1961
Fantasy,12,1961
Adventure,24,1961
Drama,102,1961
Science Fiction,18,1961
Animation,3,1961
Foreign,1,1961
TV Movie,1,1961
Documentary,4,1961
Thriller,16,1961
Horror,18,1961
Action,17,1961
Romance,35,1961
Family,14,1961
War,14,1962
Animation,5,1962
Music,9,1962
Comedy,61,1962
History,19,1962
Western,6,1962
Adventure,27,1962
Fantasy,10,1962
Crime,16,1962
Foreign,8,1962
Drama,132,1962
Mystery,10,1962
Science Fiction,14,1962
Documentary,4,1962
Family,10,1962
Horror,16,1962
Action,34,1962
Romance,28,1962
Thriller,18,1962
War,15,1963
Crime,23,1963
Music,6,1963
Comedy,75,1963
History,10,1963
Western,4,1963
Adventure,26,1963
Drama,101,1963
Science Fiction,12,1963
Animation,1,1963
Foreign,7,1963
TV Movie,1,1963
Mystery,12,1963
Fantasy,8,1963
Documentary,11,1963
Family,12,1963
Horror,24,1963
Action,22,1963
Romance,43,1963
Thriller,19,1963
War,14,1964
Animation,7,1964
Music,16,1964
Comedy,78,1964
History,12,1964
Western,16,1964
Crime,25,1964
Adventure,29,1964
Drama,111,1964
Science Fiction,15,1964
Mystery,12,1964
Foreign,5,1964
TV Movie,1,1964
Documentary,9,1964
Fantasy,17,1964
Family,16,1964
Horror,28,1964
Action,29,1964
Romance,40,1964
Thriller,27,1964
War,26,1965
Animation,5,1965
Music,9,1965
Comedy,68,1965
History,13,1965
Western,15,1965
Crime,18,1965
Fantasy,7,1965
Adventure,28,1965
Drama,123,1965
Science Fiction,23,1965
Mystery,15,1965
Foreign,13,1965
TV Movie,3,1965
Documentary,8,1965
Thriller,27,1965
Horror,20,1965
Action,34,1965
Romance,36,1965
Family,6,1965
War,21,1966
Animation,8,1966
Music,9,1966
Comedy,89,1966
History,13,1966
Western,37,1966
Adventure,46,1966
Drama,114,1966
Fantasy,10,1966
Crime,34,1966
Foreign,8,1966
TV Movie,1,1966
Mystery,19,1966
Thriller,28,1966
Documentary,8,1966
Science Fiction,29,1966
Horror,27,1966
Action,64,1966
Romance,35,1966
Family,20,1966
War,19,1967
Animation,6,1967
Music,16,1967
Comedy,88,1967
History,11,1967
Western,32,1967
Crime,32,1967
Adventure,30,1967
Drama,120,1967
Fantasy,11,1967
Mystery,13,1967
Foreign,12,1967
TV Movie,1,1967
Documentary,12,1967
Thriller,33,1967
Science Fiction,21,1967
Horror,27,1967
Action,44,1967
Romance,45,1967
Family,10,1967
War,15,1968
Crime,39,1968
Music,20,1968
Comedy,85,1968
History,7,1968
Western,37,1968
Fantasy,16,1968
Adventure,30,1968
Drama,138,1968
Science Fiction,21,1968
Animation,12,1968
Foreign,18,1968
TV Movie,4,1968
Mystery,18,1968
Thriller,40,1968
Documentary,16,1968
Horror,28,1968
Action,55,1968
Romance,38,1968
Family,23,1968
War,20,1969
Animation,9,1969
Music,8,1969
Comedy,81,1969
History,12,1969
Western,34,1969
Crime,22,1969
Adventure,28,1969
Drama,154,1969
Fantasy,12,1969
Mystery,12,1969
Foreign,20,1969
TV Movie,2,1969
Documentary,10,1969
Thriller,31,1969
Science Fiction,19,1969
Horror,17,1969
Action,49,1969
Romance,36,1969
Family,13,1969
War,20,1970
Crime,24,1970
Music,16,1970
Comedy,86,1970
History,14,1970
Western,32,1970
Animation,8,1970
Adventure,26,1970
Drama,181,1970
Fantasy,13,1970
Mystery,22,1970
Foreign,15,1970
TV Movie,6,1970
Documentary,19,1970
Science Fiction,15,1970
Family,14,1970
Horror,38,1970
Action,55,1970
Romance,40,1970
Thriller,49,1970
War,13,1971
Animation,8,1971
Music,6,1971
Comedy,88,1971
History,12,1971
Western,43,1971
Mystery,31,1971
Adventure,24,1971
Drama,151,1971
Fantasy,12,1971
Crime,43,1971
Foreign,17,1971
TV Movie,3,1971
Documentary,20,1971
Science Fiction,20,1971
Family,17,1971
Horror,67,1971
Action,53,1971
Romance,30,1971
Thriller,60,1971
War,9,1972
Animation,6,1972
Music,18,1972
Comedy,92,1972
History,12,1972
Western,25,1972
Crime,48,1972
Adventure,24,1972
Drama,164,1972
Fantasy,12,1972
Mystery,37,1972
Foreign,22,1972
TV Movie,8,1972
Documentary,18,1972
Science Fiction,18,1972
Family,20,1972
Horror,68,1972
Action,61,1972
Romance,22,1972
Thriller,61,1972
War,8,1973
Animation,11,1973
Music,13,1973
Comedy,72,1973
History,8,1973
Western,20,1973
Crime,75,1973
Adventure,31,1973
Drama,154,1973
Fantasy,16,1973
Mystery,22,1973
Foreign,23,1973
TV Movie,10,1973
Documentary,12,1973
Science Fiction,25,1973
Family,22,1973
Horror,67,1973
Action,75,1973
Romance,24,1973
Thriller,73,1973
War,9,1974
Animation,12,1974
Music,6,1974
Comedy,73,1974
History,10,1974
Western,7,1974
Crime,62,1974
Adventure,24,1974
Drama,156,1974
Science Fiction,17,1974
Mystery,22,1974
Foreign,19,1974
TV Movie,12,1974
Documentary,19,1974
Fantasy,14,1974
Family,18,1974
Horror,50,1974
Action,78,1974
Romance,25,1974
Thriller,72,1974
War,10,1975
Animation,5,1975
Music,13,1975
Comedy,85,1975
History,16,1975
Western,17,1975
Crime,50,1975
Adventure,30,1975
Drama,149,1975
Fantasy,14,1975
Mystery,24,1975
Foreign,13,1975
TV Movie,3,1975
Documentary,12,1975
Science Fiction,15,1975
Family,15,1975
Horror,38,1975
Action,64,1975
Romance,36,1975
Thriller,55,1975
War,11,1976
Animation,5,1976
Music,13,1976
Comedy,81,1976
History,11,1976
Western,12,1976
Crime,46,1976
Adventure,23,1976
Drama,134,1976
Science Fiction,13,1976
Mystery,23,1976
Foreign,14,1976
TV Movie,4,1976
Documentary,18,1976
Fantasy,16,1976
Family,16,1976
Horror,41,1976
Action,76,1976
Romance,20,1976
Thriller,60,1976
War,14,1977
Animation,17,1977
Music,10,1977
Comedy,80,1977
History,9,1977
Western,6,1977
Mystery,13,1977
Adventure,31,1977
Drama,137,1977
Fantasy,23,1977
Crime,30,1977
Foreign,16,1977
TV Movie,5,1977
Documentary,17,1977
Thriller,60,1977
Science Fiction,32,1977
Horror,45,1977
Action,63,1977
Romance,26,1977
Family,22,1977
War,11,1978
Crime,39,1978
Music,10,1978
Comedy,85,1978
History,10,1978
Western,8,1978
Animation,9,1978
Adventure,24,1978
Drama,139,1978
Fantasy,16,1978
Mystery,21,1978
Foreign,18,1978
TV Movie,10,1978
Documentary,14,1978
Science Fiction,20,1978
Family,17,1978
Horror,48,1978
Action,69,1978
Romance,39,1978
Thriller,59,1978
War,12,1979
Animation,11,1979
Music,16,1979
Comedy,97,1979
History,14,1979
Western,9,1979
Adventure,33,1979
Drama,143,1979
Fantasy,11,1979
Crime,34,1979
Foreign,13,1979
TV Movie,9,1979
Mystery,18,1979
Science Fiction,35,1979
Documentary,13,1979
Family,24,1979
Horror,37,1979
Action,57,1979
Romance,40,1979
Thriller,47,1979
War,9,1980
Animation,8,1980
Music,21,1980
Comedy,108,1980
History,13,1980
Western,10,1980
Crime,26,1980
Adventure,33,1980
Drama,138,1980
Fantasy,26,1980
Mystery,19,1980
Foreign,13,1980
TV Movie,9,1980
Documentary,16,1980
Science Fiction,36,1980
Family,18,1980
Horror,62,1980
Action,62,1980
Romance,43,1980
Thriller,55,1980
War,8,1981
Mystery,32,1981
Music,13,1981
Comedy,104,1981
History,11,1981
Western,6,1981
Animation,17,1981
Adventure,41,1981
Drama,140,1981
Fantasy,14,1981
Crime,34,1981
Foreign,11,1981
TV Movie,3,1981
Documentary,15,1981
Science Fiction,26,1981
Family,16,1981
Horror,78,1981
Action,49,1981
Romance,44,1981
Thriller,61,1981
War,8,1982
Animation,18,1982
Music,18,1982
Comedy,123,1982
History,11,1982
Western,7,1982
Adventure,30,1982
Drama,139,1982
Fantasy,27,1982
Crime,31,1982
Foreign,12,1982
TV Movie,5,1982
Mystery,26,1982
Science Fiction,39,1982
Documentary,14,1982
Family,23,1982
Horror,61,1982
Action,60,1982
Romance,40,1982
Thriller,47,1982
War,9,1983
Animation,15,1983
Music,14,1983
Comedy,113,1983
History,7,1983
Western,1,1983
Adventure,41,1983
Drama,145,1983
Fantasy,35,1983
Crime,37,1983
Foreign,13,1983
TV Movie,8,1983
Mystery,16,1983
Science Fiction,41,1983
Documentary,15,1983
Family,19,1983
Horror,47,1983
Action,70,1983
Romance,52,1983
Thriller,51,1983
War,7,1984
Animation,12,1984
Music,19,1984
Comedy,122,1984
History,10,1984
Crime,37,1984
Adventure,31,1984
Drama,157,1984
Fantasy,31,1984
Mystery,20,1984
Foreign,9,1984
TV Movie,6,1984
Documentary,18,1984
Science Fiction,46,1984
Family,19,1984
Horror,49,1984
Action,64,1984
Romance,55,1984
Thriller,56,1984
War,10,1985
Crime,37,1985
Music,10,1985
Comedy,139,1985
History,10,1985
Western,4,1985
Adventure,51,1985
Drama,135,1985
Fantasy,34,1985
Animation,22,1985
Foreign,8,1985
TV Movie,4,1985
Mystery,17,1985
Science Fiction,35,1985
Documentary,19,1985
Family,29,1985
Horror,47,1985
Action,73,1985
Romance,61,1985
Thriller,55,1985
War,11,1986
Animation,25,1986
Music,16,1986
Comedy,124,1986
History,13,1986
Western,2,1986
Crime,41,1986
Adventure,35,1986
Drama,151,1986
Fantasy,25,1986
Mystery,15,1986
Foreign,8,1986
TV Movie,4,1986
Documentary,14,1986
Science Fiction,39,1986
Family,31,1986
Horror,55,1986
Action,77,1986
Romance,55,1986
Thriller,52,1986
War,13,1987
Animation,28,1987
Music,19,1987
Comedy,154,1987
History,7,1987
Western,7,1987
Crime,48,1987
Adventure,47,1987
Drama,178,1987
Fantasy,43,1987
Mystery,17,1987
Foreign,16,1987
TV Movie,5,1987
Documentary,11,1987
Thriller,67,1987
Science Fiction,50,1987
Horror,69,1987
Action,88,1987
Romance,61,1987
Family,39,1987
War,17,1988
Animation,22,1988
Music,21,1988
Comedy,152,1988
History,8,1988
Western,2,1988
Mystery,25,1988
Adventure,33,1988
Drama,193,1988
Fantasy,39,1988
Crime,53,1988
Foreign,10,1988
TV Movie,7,1988
Documentary,20,1988
Science Fiction,43,1988
Family,31,1988
Horror,91,1988
Action,82,1988
Romance,69,1988
Thriller,92,1988
War,19,1989
Mystery,21,1989
Music,7,1989
Comedy,158,1989
History,13,1989
Western,1,1989
Crime,45,1989
Adventure,48,1989
Drama,177,1989
Fantasy,33,1989
Animation,22,1989
Foreign,15,1989
TV Movie,3,1989
Documentary,12,1989
Science Fiction,49,1989
Family,29,1989
Horror,84,1989
Action,88,1989
Romance,62,1989
Thriller,64,1989
War,6,1990
Animation,18,1990
Music,8,1990
Comedy,140,1990
History,12,1990
Western,4,1990
Adventure,41,1990
Drama,182,1990
Fantasy,26,1990
Crime,51,1990
Foreign,8,1990
TV Movie,11,1990
Mystery,21,1990
Thriller,82,1990
Documentary,15,1990
Science Fiction,46,1990
Horror,75,1990
Action,79,1990
Romance,64,1990
Family,29,1990
War,6,1991
Mystery,21,1991
Music,15,1991
Documentary,16,1991
History,8,1991
Western,6,1991
Crime,45,1991
Adventure,39,1991
Drama,179,1991
Fantasy,31,1991
Animation,13,1991
Foreign,15,1991
TV Movie,5,1991
Comedy,150,1991
Science Fiction,39,1991
Family,38,1991
Horror,45,1991
Action,90,1991
Romance,72,1991
Thriller,80,1991
War,8,1992
Animation,26,1992
Music,14,1992
Comedy,161,1992
History,13,1992
Western,3,1992
Adventure,41,1992
Drama,202,1992
Science Fiction,31,1992
Crime,50,1992
Foreign,10,1992
TV Movie,10,1992
Mystery,28,1992
Fantasy,30,1992
Documentary,21,1992
Family,29,1992
Horror,42,1992
Action,79,1992
Romance,69,1992
Thriller,82,1992
War,12,1993
Animation,20,1993
Music,14,1993
Comedy,154,1993
History,16,1993
Western,9,1993
Crime,53,1993
Adventure,44,1993
Drama,239,1993
Fantasy,30,1993
Mystery,28,1993
Foreign,16,1993
TV Movie,12,1993
Documentary,15,1993
Science Fiction,47,1993
Family,43,1993
Horror,42,1993
Action,109,1993
Romance,77,1993
Thriller,98,1993
War,8,1994
Animation,27,1994
Music,14,1994
Comedy,186,1994
History,11,1994
Western,10,1994
Crime,48,1994
Adventure,57,1994
Drama,235,1994
Fantasy,37,1994
Mystery,29,1994
Foreign,23,1994
TV Movie,14,1994
Documentary,27,1994
Science Fiction,45,1994
Family,59,1994
Horror,36,1994
Action,109,1994
Romance,90,1994
Thriller,95,1994
War,13,1995
Animation,28,1995
Music,7,1995
Comedy,171,1995
History,18,1995
Western,11,1995
Mystery,23,1995
Adventure,54,1995
Drama,275,1995
Science Fiction,61,1995
Crime,64,1995
Foreign,13,1995
TV Movie,12,1995
Documentary,34,1995
Fantasy,38,1995
Family,59,1995
Horror,48,1995
Action,121,1995
Romance,100,1995
Thriller,111,1995
War,13,1996
Animation,22,1996
Music,15,1996
Comedy,219,1996
History,17,1996
Western,5,1996
Crime,56,1996
Adventure,47,1996
Drama,327,1996
Fantasy,34,1996
Mystery,27,1996
Foreign,26,1996
TV Movie,22,1996
Documentary,25,1996
Science Fiction,55,1996
Family,49,1996
Horror,40,1996
Action,93,1996
Romance,120,1996
Thriller,120,1996
War,8,1997
Animation,34,1997
Music,14,1997
Comedy,206,1997
History,22,1997
Western,5,1997
Adventure,63,1997
Drama,301,1997
Fantasy,49,1997
Crime,77,1997
Foreign,31,1997
TV Movie,11,1997
Mystery,34,1997
Science Fiction,56,1997
Documentary,38,1997
Family,56,1997
Horror,37,1997
Action,112,1997
Romance,126,1997
Thriller,124,1997
War,19,1998
Animation,33,1998
Music,27,1998
Comedy,228,1998
History,17,1998
Western,4,1998
Crime,79,1998
Adventure,59,1998
Drama,337,1998
Fantasy,44,1998
Mystery,37,1998
Foreign,42,1998
TV Movie,17,1998
Documentary,51,1998
Science Fiction,48,1998
Family,59,1998
Horror,46,1998
Action,103,1998
Romance,140,1998
Thriller,129,1998
War,11,1999
Animation,35,1999
Music,22,1999
Comedy,238,1999
History,19,1999
Western,10,1999
Crime,62,1999
Adventure,40,1999
Drama,336,1999
Fantasy,43,1999
Mystery,36,1999
Foreign,46,1999
TV Movie,14,1999
Documentary,50,1999
Science Fiction,54,1999
Family,64,1999
Horror,54,1999
Action,100,1999
Romance,137,1999
Thriller,128,1999
War,18,2000
Animation,44,2000
Music,30,2000
Documentary,52,2000
History,22,2000
Western,4,2000
Crime,74,2000
Adventure,47,2000
Drama,394,2000
Fantasy,39,2000
Mystery,42,2000
Foreign,57,2000
TV Movie,18,2000
Comedy,260,2000
Science Fiction,46,2000
Family,61,2000
Horror,66,2000
Action,109,2000
Romance,155,2000
Thriller,137,2000
War,23,2001
Animation,42,2001
Music,23,2001
Comedy,270,2001
History,24,2001
Western,5,2001
Crime,86,2001
Adventure,64,2001
Drama,408,2001
Science Fiction,68,2001
Mystery,42,2001
Foreign,62,2001
TV Movie,23,2001
Documentary,65,2001
Fantasy,51,2001
Family,66,2001
Horror,64,2001
Action,150,2001
Romance,162,2001
Thriller,156,2001
War,21,2002
Animation,50,2002
Music,28,2002
Comedy,270,2002
History,23,2002
Western,3,2002
Adventure,72,2002
Drama,456,2002
Fantasy,47,2002
Crime,93,2002
Foreign,72,2002
TV Movie,12,2002
Mystery,62,2002
Science Fiction,69,2002
Documentary,76,2002
Family,75,2002
Horror,68,2002
Action,161,2002
Romance,153,2002
Thriller,183,2002
War,15,2003
Animation,47,2003
Music,31,2003
Documentary,87,2003
History,21,2003
Western,8,2003
Crime,88,2003
Adventure,70,2003
Drama,395,2003
Fantasy,34,2003
Mystery,42,2003
Foreign,58,2003
TV Movie,13,2003
Comedy,297,2003
Science Fiction,64,2003
Family,76,2003
Horror,71,2003
Action,150,2003
Romance,138,2003
Thriller,182,2003
War,19,2004
Crime,76,2004
Music,25,2004
Documentary,103,2004
History,26,2004
Western,6,2004
Comedy,307,2004
Adventure,82,2004
Drama,494,2004
Fantasy,45,2004
Animation,47,2004
Foreign,72,2004
TV Movie,17,2004
Mystery,47,2004
Science Fiction,66,2004
Family,62,2004
Horror,96,2004
Action,155,2004
Romance,167,2004
Thriller,167,2004
War,18,2005
Animation,48,2005
Music,36,2005
Comedy,347,2005
History,28,2005
Western,4,2005
Adventure,70,2005
Drama,563,2005
Fantasy,62,2005
Crime,98,2005
Foreign,82,2005
TV Movie,17,2005
Mystery,57,2005
Science Fiction,62,2005
Documentary,112,2005
Family,89,2005
Horror,113,2005
Action,156,2005
Romance,189,2005
Thriller,195,2005
War,19,2006
Mystery,70,2006
Music,38,2006
Comedy,377,2006
History,43,2006
Western,4,2006
Animation,74,2006
Adventure,96,2006
Drama,596,2006
Fantasy,72,2006
Crime,114,2006
Foreign,75,2006
TV Movie,27,2006
Documentary,140,2006
Science Fiction,73,2006
Family,92,2006
Horror,150,2006
Action,173,2006
Romance,200,2006
Thriller,268,2006
War,20,2007
Animation,71,2007
Music,49,2007
Comedy,371,2007
History,37,2007
Western,8,2007
Crime,127,2007
Adventure,80,2007
Drama,620,2007
Science Fiction,74,2007
Mystery,61,2007
Foreign,94,2007
TV Movie,22,2007
Documentary,157,2007
Fantasy,63,2007
Family,79,2007
Horror,169,2007
Action,189,2007
Romance,197,2007
Thriller,250,2007
War,37,2008
Animation,79,2008
Music,43,2008
Comedy,410,2008
History,47,2008
Western,9,2008
Crime,121,2008
Adventure,119,2008
Drama,655,2008
Fantasy,73,2008
Mystery,83,2008
Foreign,94,2008
TV Movie,19,2008
Documentary,186,2008
Science Fiction,92,2008
Family,99,2008
Horror,180,2008
Action,233,2008
Romance,190,2008
Thriller,285,2008
War,25,2009
Animation,77,2009
Music,54,2009
Comedy,471,2009
History,45,2009
Western,11,2009
Thriller,346,2009
Adventure,128,2009
Drama,701,2009
Science Fiction,126,2009
Crime,127,2009
Foreign,120,2009
TV Movie,29,2009
Mystery,100,2009
Fantasy,83,2009
Documentary,219,2009
Horror,184,2009
Action,244,2009
Romance,216,2009
Family,99,2009
War,27,2010
Animation,82,2010
Music,38,2010
Comedy,433,2010
History,45,2010
Western,13,2010
Crime,121,2010
Adventure,96,2010
Drama,645,2010
Fantasy,74,2010
Mystery,83,2010
Foreign,80,2010
TV Movie,19,2010
Documentary,214,2010
Science Fiction,89,2010
Family,97,2010
Horror,174,2010
Action,221,2010
Romance,212,2010
Thriller,311,2010
War,30,2011
Mystery,78,2011
Music,40,2011
Comedy,472,2011
History,40,2011
Western,11,2011
Animation,90,2011
Adventure,103,2011
Drama,713,2011
Fantasy,83,2011
Crime,112,2011
Foreign,89,2011
TV Movie,34,2011
Documentary,239,2011
Science Fiction,109,2011
Family,128,2011
Horror,164,2011
Action,239,2011
Romance,198,2011
Thriller,294,2011
War,24,2012
Mystery,64,2012
Music,43,2012
Comedy,440,2012
History,52,2012
Western,8,2012
Crime,115,2012
Adventure,84,2012
Drama,651,2012
Fantasy,69,2012
Animation,82,2012
Foreign,38,2012
TV Movie,38,2012
Documentary,273,2012
Science Fiction,81,2012
Family,87,2012
Horror,180,2012
Action,190,2012
Romance,194,2012
Thriller,289,2012
War,24,2013
Mystery,95,2013
Music,48,2013
Comedy,477,2013
History,54,2013
Western,9,2013
Animation,97,2013
Adventure,110,2013
Drama,761,2013
Fantasy,78,2013
Crime,153,2013
Foreign,14,2013
TV Movie,35,2013
Documentary,289,2013
Science Fiction,108,2013
Family,90,2013
Horror,182,2013
Action,208,2013
Romance,184,2013
Thriller,337,2013
War,40,2014
Animation,72,2014
Music,59,2014
Comedy,542,2014
History,59,2014
Western,14,2014
Crime,142,2014
Adventure,124,2014
Drama,786,2014
Science Fiction,124,2014
Mystery,85,2014
Foreign,3,2014
TV Movie,42,2014
Documentary,313,2014
Fantasy,74,2014
Family,110,2014
Horror,210,2014
Action,234,2014
Romance,223,2014
Thriller,351,2014
War,41,2015
Animation,81,2015
Music,64,2015
Comedy,520,2015
History,64,2015
Western,13,2015
Crime,129,2015
Adventure,121,2015
Drama,770,2015
Science Fiction,138,2015
Mystery,109,2015
TV Movie,67,2015
Documentary,292,2015
Fantasy,89,2015
Family,107,2015
Horror,240,2015
Action,225,2015
Romance,196,2015
Thriller,367,2015
War,32,2016
Crime,102,2016
Music,47,2016
Comedy,479,2016
History,49,2016
Western,10,2016
Adventure,107,2016
Drama,649,2016
Science Fiction,89,2016
Animation,73,2016
Documentary,195,2016
TV Movie,56,2016
Mystery,69,2016
Fantasy,65,2016
Family,79,2016
Horror,174,2016
Action,205,2016
Romance,186,2016
Thriller,302,2016
War,17,2017
Crime,54,2017
Music,12,2017
Comedy,172,2017
History,15,2017
Western,4,2017
Animation,27,2017
Thriller,111,2017
Adventure,39,2017
Drama,205,2017
Science Fiction,59,2017
Mystery,29,2017
TV Movie,12,2017
Documentary,68,2017
Fantasy,28,2017
Horror,46,2017
Action,92,2017
Romance,54,2017
Family,25,2017
